tax_year,filing_status,income_floor_usd,marginal_rate,standard_deduction_usd,fica_social_security_rate,fica_social_security_wage_base_usd,fica_medicare_rate,fica_medicare_additional_rate,fica_medicare_additional_threshold_single_usd,fica_medicare_additional_threshold_mfj_usd
2026,single,0,0.1,16100,0.062,184500,0.0145,0.009,200000,250000
2026,single,12400,0.12,16100,0.062,184500,0.0145,0.009,200000,250000
2026,single,50400,0.22,16100,0.062,184500,0.0145,0.009,200000,250000
2026,single,105700,0.24,16100,0.062,184500,0.0145,0.009,200000,250000
2026,single,201775,0.32,16100,0.062,184500,0.0145,0.009,200000,250000
2026,single,256225,0.35,16100,0.062,184500,0.0145,0.009,200000,250000
2026,single,640600,0.37,16100,0.062,184500,0.0145,0.009,200000,250000
2026,mfj,0,0.1,32200,0.062,184500,0.0145,0.009,200000,250000
2026,mfj,24800,0.12,32200,0.062,184500,0.0145,0.009,200000,250000
2026,mfj,100800,0.22,32200,0.062,184500,0.0145,0.009,200000,250000
2026,mfj,211400,0.24,32200,0.062,184500,0.0145,0.009,200000,250000
2026,mfj,403550,0.32,32200,0.062,184500,0.0145,0.009,200000,250000
2026,mfj,512450,0.35,32200,0.062,184500,0.0145,0.009,200000,250000
2026,mfj,768700,0.37,32200,0.062,184500,0.0145,0.009,200000,250000
